{
	"info": {
		"_postman_id": "71bcb86a-2fe6-4870-ab3d-4971925670bf",
		"name": "PM ",
		"schema": "https://schema.getpostman.com/json/collection/v2.1.0/collection.json"
	},
	"item": [
		{
			"name": "Create PM",
			"request": {
				"method": "POST",
				"header": [],
				"body": {
					"mode": "raw",
					"raw": "{\n    \"first_name\": \"asd\",\n    \"last_name\": \"dsa\",\n    \"email\": \"aadss@asd.com\"\n}",
					"options": {
						"raw": {
							"language": "json"
						}
					}
				},
				"url": {
					"raw": "http://localhost:8000/projectManager",
					"protocol": "http",
					"host": [
						"localhost"
					],
					"port": "8000",
					"path": [
						"projectManager"
					]
				}
			},
			"response": []
		},
		{
			"name": "Get PM List",
			"protocolProfileBehavior": {
				"disableBodyPruning": true
			},
			"request": {
				"method": "GET",
				"header": [],
				"body": {
					"mode": "raw",
					"raw": "{\n    \"first_name\": \"asd\",\n    \"last_name\": \"dsa\",\n    \"email\": \"aas@asd.com\"\n}",
					"options": {
						"raw": {
							"language": "json"
						}
					}
				},
				"url": {
					"raw": "http://localhost:8000/projectManager",
					"protocol": "http",
					"host": [
						"localhost"
					],
					"port": "8000",
					"path": [
						"projectManager"
					]
				}
			},
			"response": []
		},
		{
			"name": "Delete a PM",
			"request": {
				"method": "DELETE",
				"header": [],
				"body": {
					"mode": "raw",
					"raw": "{\n    \"first_name\": \"asd\",\n    \"last_name\": \"dsa\",\n    \"email\": \"aas@asd.com\"\n}",
					"options": {
						"raw": {
							"language": "json"
						}
					}
				},
				"url": {
					"raw": "http://localhost:8000/projectManager/1",
					"protocol": "http",
					"host": [
						"localhost"
					],
					"port": "8000",
					"path": [
						"projectManager",
						"1"
					]
				}
			},
			"response": []
		},
		{
			"name": "Get a PM",
			"protocolProfileBehavior": {
				"disableBodyPruning": true
			},
			"request": {
				"method": "GET",
				"header": [],
				"body": {
					"mode": "raw",
					"raw": "{\n    \"first_name\": \"asd\",\n    \"last_name\": \"dsa\",\n    \"email\": \"aas@asd.com\"\n}",
					"options": {
						"raw": {
							"language": "json"
						}
					}
				},
				"url": {
					"raw": "http://localhost:8000/projectManager/2",
					"protocol": "http",
					"host": [
						"localhost"
					],
					"port": "8000",
					"path": [
						"projectManager",
						"2"
					]
				}
			},
			"response": []
		}
	]
}